1763,3762161.001818181
233191,684483.1090909091
-200031957,-8703648.512727274
171436,147064.82909090907
59753,37101.20800000001
73918,124676.22818181818
294702,183230.62818181817
-200000543,-8997927.71
-200080864,-9036114.033636363
-200119060,-9044553.83818182
-200041297,-9050162.582727272
203470,61498.5077
-200032033,-9061497.361818183
150247,47565.865709090926
65551,44282.686363636356
-200001268,-9072329.594545456
-200186817,-9057953.10090909
41687,7130.654445454547
-200000468,-9055876.50818182
129337,43255.45181818179
-200031989,-9069492.496363638
-200041294,-9071298.878181819
-200082115,-9072547.461818177
-200075682,-9083193.112727271
1817,10370.013600000002
1982239,96443.75818181816
-200000506,-9085017.69909091
1159323,68616.56363636364
53335,101580.66363636364
68,3692.144545454544
2733,31271.57000909091
-200085023,-9084496.22181818
-200085021,-9084775.40181818
13134,6427.862590909093
-200041295,-9086385.209999997
196013,17225.472727272718
-200335929,-9084270.433636364
43676,6965.86272727273
110456,11170.925454545457
1299429,64103.53909090907
-200000481,-9085741.385454549
-200085015,-9085799.677272726
1623292,78423.55545454545
1839,12661.922727272728
365532,17696.061818181817
-200069277,-9087377.296363635
-200292628,-9088971.644545455
41275,9754.964545454544
-200085030,-9086411.56
-200045401,-9087407.224545455
-200186818,-9086001.288181817
123,874.5738181818185
1269,5022.12090909091
-200049546,-9086007.204545457
-200010699,-9087940.917272724
2019482,107637.52625454548
-200135621,-9088460.251818186
477967,24434.82090909091
1562,10887.876309090912
-200002062,-9089217.01181818
252965,38368.63890909089
173479,20837.26449999999
-200001653,-9087055.728181817
642,4955.481818181816
1983735,93358.2409090909
-200000433,-9089480.672727272
872,11817.027436363633
-200004479,-9084616.515454546
1716,3111.3854545454546
-202008794,-9089394.59
286,9684.124545454544
-200002070,-9088972.61090909
490567,26266.70918181818
-200000712,-9089198.795454547
-200171551,-9088832.989090908
1663,3470.545618181819
-200028556,-9085774.364545453
265,4420.667272727273
-200001046,-9087979.848181816
-200076892,-9089352.857272727
83618,7006.925454545455
191,3680.581436363638
117999,16567.32418181819
366614,18474.325454545447
2249,91888.6609090909
1386,10979.831818181816
414051,21995.179890909087
-200028056,-9089510.218181819
28209,95439.98636363636
1380,75086.11290909092
-200085025,-9089819.603636365
-200475964,-9089940.796363637
57493,6341.489090909093
1988031,154486.55272727273
-200033958,-7272364.840909089
-201775411,-9089758.391818183
1883,1689.5118181818168
37914,6852.0545454545445
265976,17297.219090909093
1912216,92748.86336363638
13687,5156.34
33882,7168.48272727273
-200085016,-9090168.05909091
256616,18428.18630909091
-202008795,-9090287.214545457
2040,4468.211499999999
108869,5706.360509090908
-200118882,-9089887.560909089
1107,1027.080909090909
1623280,74838.02727272727
-200002004,-9090396.887272729
-201853232,-9090105.191818183
131079,15038.77090909091
1921544,88913.98272727273
-200003650,-9089917.225454545
315556,15518.029145454551
-200090964,-9090091.203636363
-201131492,-9090065.137272727
28231,11809.258563636362
1623282,75277.87272727273
305976,14137.018509090913
3932,1866.8515090909093
1982113,91139.63727272728
1623281,75690.22
-200000039,-9090314.933636362
-200541000,-9089719.306363637
-200563835,-9089265.088181818
-201499392,-9090424.685454546
83614,5809.513881818184
-200010662,-9090145.091818182
497726,70174.78218181817
2060,4650.988899999999
1623278,74774.32727272727
125287,10358.008690909091
1925779,88616.57272727272
208447,18294.37743636363
1215913,77322.53179090911
207599,24290.85950909092
1233054,58277.97000000001
-200028256,-9090584.093636364
-200043219,-9090456.739999998
-200186803,-9090034.944545455
49184,6687.199090909092
37343,2618.728863636364
1696,4198.435454545458
3651,1002.9507636363634
76632,12831.216890909087
1982101,54523.14272727273
-200134623,-9089660.36181818
-200335928,-9090448.91909091
-201570339,-9090669.707272727
2056,5205.785600000002
46913,4973.162727272733
141948,9114.412036363632
149698,11289.115454545452
43668,8895.342727272726
1854,4050.878181818181
1847,574.3563636363637
186764,9405.212727272728
-200000126,-9090132.47
-200003803,-9090524.249999998
-200003931,-7272482.5627272725
-200005268,-9090269.56090909
-200563798,-9090501.335454546
-201903411,-9090497.22090909
33057,93492.7290909091
307628,22406.0826
53457,7303.38872727273
1993858,91554.41090909089
-200002049,-9090519.606363636
-200084566,-9090127.840000002
-200219687,-9090251.102727273
121844,77705.60211818179
3655,2408.33649090909
574899,35811.24687272727
958,10317.76236363637
-200001762,-9090213.853636364
-200034397,-5454411.407272728
-201914233,-9090488.58818182
1707,4507.458181818183
375288,108829.88967272728
203193,67354.16363636362
94008,31485.22272727272
1918725,35175.170909090906
1760987,80447.03454545455
-200005593,-1818093.0000000002
-200084994,-9090057.89090909
-200186822,-9090341.962727275
-200188786,-9090523.957272727
-201903409,-9089986.177272728
3337,1010.3180909090913
475960,35270.96880909091
1822464,88926.51188181821
53460,6511.826400000001
4071,4104.673636363636
85265,5907.266254545455
-200000444,-9090332.229090909
-200003700,-9090578.224545455
-200004070,-9090159.567272728
-200031979,-9090484.07818182
-200090627,-9090706.567272728
-200093133,-9090196.787272729
-200186828,-7272490.331818182
1597779,29124.74359999999
1196844,22033.669090909087
1129704,60289.84411818182
1774589,106365.22662727273
12916,4798.692727272729
2071980,94797.15363636364
323449,99996.92181818179
1915205,88026.12454545454
1623284,74592.02090909092
230355,4296.422918181818
-200032011,-9090068.523636363
-200085017,-9090478.608181817
-200474943,-9090710.113636363
-200683158,-9090715.250909092
-201884633,-9090457.01727273
5094,1866.219709090909
33986,25985.40054545455
45989,2366.6727272727276
81,2314.730909090909
7158,1131.4726454545455
-200563843,-9090570.765454546
816,732.3938000000003
2052989,77569.19363636365
1623285,74637.69000000002
24208,319.67909090909086
-200000031,-9090685.463636361
-200003503,-1818119.9927272727
-200005148,-9090797.775454545
-200007157,-9090633.612727273
-200031953,-9090751.61
-200075787,-9090485.159090908
-200085018,-9090761.258181816
-200199477,-9090611.090909092
-200204434,-9090628.26727273
-201890464,-9090642.785454545
165697,9778.811818181817
482,333.3918181818182
5073,51837.339999999975
1330546,60959.416481818174
1344552,64653.18007272729
57499,9546.901818181816
2042653,100648.18767272722
458839,24829.816818181815
35089,690.8376818181817
7174,783.6459181818183
2024975,184267.1
1817584,50549.675454545446
-200171552,-9090750.636363639
-200206349,-9090395.232727272
-200255475,-9090583.187272727
-200452340,-1818133.9045454545
-201706371,-9090674.106363634
-201890438,-9090706.34909091
-201903410,-7272490.290000001
332951,89962.78058181818
60846,77761.55363636362
374,2891.774545454544
390805,19840.044127272722
156973,98380.33
40323,3988.897272727275
46352,6304.152727272728
89966,88661.45454545456
47670,7701.14490909091
-200186807,-9090245.126363637
292713,15067.487845454545
92793,4600.415454545455
919,91559.29181818185
1198980,55331.910909090904
233189,24108.869254545454
281472,68483.16448181814
1298,8867.766363636367
72763,5932.736790909091
165696,9795.894545454543
186191,17400.118372727276
2008781,73121.49454545454
1508537,82386.8309090909
208664,1999.080909090909
88358,2782.3009090909095
2268,1098.8445454545454
-200005020,-5454474.77
-200005129,-5454466.043636362
-200010744,-9090537.07181818
-200031993,-9090706.56272727
-200072276,-9090679.86909091
-200083676,-9090651.711818183
-200085002,-9090715.93909091
-200089373,-9090345.51272727
-200092713,-5454493.345454546
-200119043,-9090651.496363638
-200119045,-9090561.606363637
-200171550,-5454484.3518181825
-200186827,-3636313.7418181817
-200194924,-9090801.35
-200203557,-9090555.556363638
-200649777,-9090633.898181818
-201706375,-7272673.240909091
63132,88960.99354545455
1910952,52739.66236363635
50036,24318.88727272727
4398,914.8545454545454
1367968,37438.48363636363
47833,2047.481281818182
111142,8714.952727272728
160795,15853.004754545453
186650,14199.828181818184
-200,1856.6089272727277
1873,1807.9300000000005
367188,16869.326363636363
2034,4171.614545454545
348581,21419.27281818184
469,896.1590909090908
162291,15989.647272727274
47,116.15636363636372
1813,349.99197272727275
1827,4421.484545454547
1424614,64910.43533636364
1654,491.36090909090905
1217415,102890.07363636368
125216,5852.769090909089
508459,52719.34074545456
1147740,52664.810127272736
2066475,187909.8781818182
1985292,36350.01090909091
1982367,72592.38090909089
1891713,18607.469999999998
1450140,31060.26636363636
1198137,22055.113636363636
13685,1433.856363636364
-200000641,-9090779.096363636
-200001162,-9090534.389090909
-200004893,-5454428.936363637
-200005152,-5454493.249999999
-200034384,-7272663.599090908
-200045404,-9090789.144545455
-200076657,-7272650.03181818
-200085020,-9090551.641818183
-200213422,-9090808.447272727
-200299071,-7272627.302727274
-200474942,-5454447.349090909
-201028423,-3636300.0245454544
-201706372,-9090846.730000002
-201843490,-9090743.695454543
-201843491,-9090678.794545455
-202033035,-7272654.66
-200415002,-7272618.184545455
49743,521.5318181818183
914,9545.511481818177
85073,3163.7486272727283
71323,3531.78120909091
1865,1533.8654545454547
22,12314.477272727265
40374,445.929090909091
1754,8697.363636363632
2160,275.0637272727273
38037,1781.1536363636362
507,178.95636363636365
666508,60903.041627272716
1279,4563.86909090909
2044,4746.112672727273
1911549,88888.70582727273
1868332,85240.69205454542
165695,9694.388181818182
106589,10645.105454545454
3754,472.6927272727273
1706036,87737.73141818181
355929,20341.53545454545
43356,2147.3924909090897
83654,3893.184545454547
120961,74203.58063636362
608658,17499.92490909091
1052683,112056.69705454547
1041,15773.586363636367
35753,2934.5901818181824
1033,2167.6636363636367
139133,62275.158509090936
2375,84005.64356363635
2000,257.8652000000001
56112,12368.812454545452
1434028,78773.71690909089
1649480,75039.31636363636
1495649,136040.71596363635
5455,31288.388054545456
41949,83961.79507272728
29287,60959.5281727273
407,5846.8145454545465
908626,45192.97066363636
3603,542.0156818181819
1030,6369.264527272724
196081,10383.663390909087
48736,8281.250909090912
1077886,62355.40010000004
5543,544.4619545454545
168694,9001.057309090907
32,74.18727272727273
2066435,187923.0181818182
1982590,91038.20545454544
1920774,35140.99
1623306,59474.00727272728
660063,12021.468181818182
196118,17920.89363636364
190765,1820.800909090909
122809,1174.3836363636362
88723,78889.28571818181
64782,4695.583636363636
46111,934.5254545454544
44324,9773.846363636363
13548,6344.648181818181
7212,468.54665454545454
7045,150.24
2768,310.9809090909091
-200000049,-9090732.635454547
-200000137,-7272690.310909091
-200000403,-9090615.358181817
-200001300,-9090760.650909094
-200003318,-9090755.413636364
-200003745,-9090746.93818182
-200004144,-5454467.492727272
-200005317,-7272653.384545455
-200023513,-5454476.919090911
-200028568,-7272608.74181818
-200034379,-5454502.088181818
-200034489,-1818161.1481818182
-200037990,-1818161.3736363635
-200081093,-1818161.2145454548
-200118968,-3636331.6627272726
-200119859,-9090761.26181818
-200186804,-9090813.968181817
-200206379,-9090673.258181816
-200213119,-9090833.443636363
-200213483,-5454484.0209090905
-200224464,-7272662.876363636
-200568386,-9090751.973636363
-200622454,-1818161.2454545454
-201706374,-7272672.580000002
-201737406,-9090641.737272728
-202028217,-3636304.483636365
3310,201.66584545454546
150203,8821.960909090909
33993,335.76909090909095
1933192,53690.246081818186
329857,23541.604481818184
-200010860,-9090851.76
83681,3998.6524454545474
279,15335.431818181816
1434015,53663.80673636365
367298,20762.63636363636
1980675,18313.262045454543
136099,10267.283345454549
60496,49513.319999999985
1470353,73154.81045454546
674734,30952.9453090909
1060,1662.1845454545448
295418,15289.567018181819
10663,1020.4663636363638
32207,1679.07
85043,12699.334545454542
2192,1664.6918181818182
29404,2869.7143909090914
682522,35594.22033636364
28100,4578.519999999999
97095,6366.350654545458
157920,11173.016363636369
191494,23353.982727272727
3558,82379.3522727273
413,78.39184545454545
1158,93656.64518181818
518755,32941.15160909091
29548,27087.552636363645
1982095,72525.20818181816
187144,97750.58561818181
245186,12648.292727272727
38501,5983.113690909091
286801,27488.183209090927
53357,6384.041145454545
84593,5646.929963636367
29580,4902.962727272727
2013,4120.299999999999
270,8723.389090909093
2735,9575.41454545454
1082930,51393.403636363626
-200213121,-9090758.634545455
20,3646.9772727272716
88138,7976.050909090906
45669,6445.119999999997
1649503,74992.74909090906
83461,3840.4786999999997
169133,7783.298836363636
1375,8607.859999999999
53355,6361.12340909091
44249,10655.511818181827
186351,3504.084354545454
1649453,75030.38141818185
379,3968.220909090907
186188,12373.104136363638
28609,1676.3424181818173
106591,8632.841818181816
121038,7505.1345454545435
1269201,105976.26839090907
182639,12263.367272727273
147067,6706.045954545456
160798,7337.25
174951,11733.288181818183
28048,5302.647963636363
985001,48666.596990909115
61170,8657.831563636364
86795,8010.328254545455
1372,12017.356363636361
1055688,96025.12572727277
4441,907.8778999999998
4546,458.73756363636363
2094023,95256.82999999997
2083206,76934.18818181817
2015172,56001.895454545454
1985720,36323.4490909091
1982557,54404.58
1982150,18127.895454545454
1982091,18127.35090909091
1929297,44937.189999999995
1921553,35154.318181818184
1921527,52729.88454545454
1921407,87927.68363636364
1920753,17570.259090909094
1623296,74319.18909090907
1434014,13338.75181818182
1269031,11568.060000000001
1080709,96891.00272727273
680114,12581.998181818182
561442,20486.69727272727
418794,3852.8136363636363
387342,92547.88572727275
261517,2449.5309090909095
241477,4402.908181818181
164450,1526.7281818181818
144030,4978.368181818179
132116,4683.964545454545
124939,1926.5236363636363
98024,936.2600000000001
98005,2826.3618181818188
86004,5693.236363636363
71233,692.6218181818183
66379,648.1636363636363
64792,2818.529090909091
63682,912.5790909090911
57052,570.6827272727272
56621,1731.3345454545452
53851,535.4763636363637
52718,755.8736363636364
52033,957.6
47766,1020.0618181818181
47196,489.33363636363634
41874,42772.24545454545
36590,383.85727272727274
33870,2167.337272727273
31346,581.1727272727272
28063,1116.928181818182
25610,1102.0909090909092
21496,803.6409090909092
19151,220.18727272727273
15740,196.94272727272724
13786,684.5889090909092
13643,821.0990909090909
13118,168.02454545454543
7150,414.18545454545455
7129,142.05545454545455
7003,277.1190909090909
6397,127.53636363636363
5010,521.7684909090909
4605,186.58818181818182
4581,405.23727272727274
3990,83.56272727272727
3841,82.56
3669,363.22545454545445
3500,152.78727272727275
3325,367.00909090909084
2256,74950.57909090909
-200000815,-9090760.504545456
-200002012,-9090770.594545454
-200002259,-1818170.6927272729
-200003065,-5454511.529090908
-200004668,-3636338.056363636
-200004710,-3636337.517272727
-200005181,-1818170.6236363638
-200007214,-7272608.749999999
-200007366,-3636341.1245454545
-200007402,-1818170.4209090911
-200007458,-1818170.5954545455
-200027482,-9090797.282727271
-200031977,-5454529.009090909
-200034064,-1818170.5518181818
-200045131,-9090784.048181815
-200047021,-5454474.756363636
-200069657,-9090751.922727272
-200083778,-9090820.644545455
-200084107,-9090862.787272727
-200084642,-9090820.701818183
-200085026,-5454511.654545454
-200110618,-7272680.673636363
-200116066,-1818170.6263636365
-200135616,-5454511.838181819
-200135617,-9090849.316363636
-200145357,-9090711.602727273
-200156152,-1818170.5081818183
-200182102,-1818170.3763636365
-200186814,-7272645.831818182
-200186821,-9090847.84818182
-200186823,-9090852.696363637
-200189779,-7272663.746363635
-200191412,-5454511.709999999
-200200667,-9090785.705454545
-200205957,-1818170.5254545456
-200213468,-9090869.957272727
-200255474,-7272663.60090909
-200267893,-7272701.383636364
-200396331,-3636340.696363636
-200485255,-3636341.18090909
-200543371,-3636341.2199999997
-200558314,-3636332.2136363643
-200558415,-5454502.266363636
-200766764,-7272640.895454545
-200768668,-3636341.2590909093
-201042322,-9090715.596363636
-201129771,-5454500.7690909095
-201217100,-3636350.2218181817
-201331809,-1818170.5445454547
-201382930,-3636341.0018181815
-201508635,-7272654.737272726
-201524216,-3636341.1018181816
-201643824,-3636331.6963636368
-201644061,-9090709.795454547
-201706373,-1818170.6118181818
-201763524,-5454457.220000001
-201853230,-9090852.577272728
-201890426,-5454511.666363637
-201892252,-5454511.3
-201903414,-9090829.659999998
-201993640,-1818169.3472727274
-202008790,-9090806.473636365
-202008793,-9090741.271818183
36913,14625.344118181818
2071,263.9892636363637
1209988,144366.11269090913
96492,8352.156363636364
33981,5436.674918181819
1522056,69297.26436363636
7424,1134.5551454545457
1543704,72087.28460909089
2004797,91196.46717272728
213598,9914.23453636363
202367,5570.599563636363
114248,5270.192727272727
2225,169.4801090909091
55968,6463.209090909091
1742991,79293.99687272728
254250,15497.727036363638
2742,3457.092727272726
547,181.87000000000003
2053,4181.416363636363
1860,4088.8281818181804
238783,12327.31636363637
33886,5482.496363636366
5218,1838.7393090909093
3746,452.86110000000014
1961799,95347.08925454544
40144,422.5627272727272
265488,12177.880909090913
4575,587.2679090909091
2745,1464.175227272727
1524249,69368.37810909093
361050,91438.1195272727
60919,9566.692890909095
204447,11227.704500000002
2019,257.9088000000001
478070,23218.030909090907
122277,92367.16610909095
4564,66383.7969
570,211.49909090909082
58738,2454.0485818181814
86331,28625.47818181818
213485,9794.726463636365
5506,5319.812727272728
63742,77716.04363636364
1234,8742.467272727272
4765,180.10821818181813
335058,19049.524545454547
1759331,83863.1556090909
99479,8492.113618181816
517,176.85727272727263
36747,4698.831327272728
50451,2487.589845454546
227979,14527.832163636363
1301,361.92454545454564
427922,29152.84978181819
1111,15427.822727272724
228398,10507.39909090909
57495,9266.62909090909
2063,255.90776363636365
34008,3061.7324545454553
65496,3117.3427272727267
42,38.32272727272727
283810,16793.25666363636
2251,75053.33
338,1608.7272727272732
204456,10782.929999999998
119044,7516.0718181818165
69278,6308.206309090911
65502,31301.33545454545
4107,466.7160909090909
-200543314,-9090775.962727271
5526,380.1109090909091
1580844,23727.541818181813
458032,20890.54964545455
577469,73711.68
528,5521.060909090907
5598,4406.346309090909
4520,444.8666363636363
45667,10583.723272727273
35750,5552.013172727274
4930,546.9845454545455
45059,2466.062727272727
222991,10245.976363636368
34037,88110.32454545457
1068,2147.857272727272
12960,91966.99545454544
145260,4026.3439636363637
1912215,88411.99422727276
162491,11340.544545454544
85413,5866.096363636365
626119,89058.45518181816
72173,5205.451818181818
43673,5880.44136363636
190323,12764.45545454546
6499,359.77880000000005
1573,3998.5400000000004
1132856,52816.9033909091
470018,41966.79363636363
69578,7086.897272727278
190972,6949.436690909091
499,8724.265827272726
2237,71563.82827272727
1524214,138604.58412727274
267408,16072.993863636364
496496,31070.147272727274
378210,108548.57545454544
610116,31093.72383636363
165301,7662.227481818182
32008,7006.585454545457
4085,414.47363636363644
522,68.80727272727272
357,3857.2009090909096
359407,17922.76
1081,1986.168481818182
28453,5198.669090909092
107,4126.771818181819
5644,4984.378045454546
1562565,164260.6467272727
1932719,89324.48557272728
475966,34948.87208181818
161492,76664.56272727271
363276,34187.70738181819
3982,318.9657272727273
724,131.65363636363628
361177,31844.1809090909
1569,8596.862727272728
40,33.46574545454545
121871,80330.31485454548
79206,12259.138181818184
1851,221.51839999999999
53387,6347.874163636361
963,3547.009990909091
29849,5061.999663636365
1578,1692.2850181818176
585890,94871.2919818182
3904,299.41301818181825
55080,11019.768181818177
1769746,160901.33489090906
766728,69836.94155454545
33877,5456.649090909088
59613,6613.703463636364
667112,31817.861672727286
255204,15487.570109090906
413496,18873.144181818185
48705,4439.784045454548
133925,80844.43863636361
1649295,75004.90958181818
323413,95448.45690000002
222,171.44636363636363
1891714,18580.960909090914
414371,30499.786363636365
142577,6582.339090909091
838,7905.477272727269
154116,13619.289263636363
285107,14470.068181818182
906,1511.7193454545452
331525,18963.27509090909
-200135620,-9090775.942727271
265487,12123.326427272727
89486,11104.481818181823
13215,275.790909090909
2260,176.08818181818182
1604279,29753.018836363633
4181,338.09748181818173
1519373,80676.83554545457
323620,18494.369090909087
67575,3174.502727272726
57494,2746.352727272727
5579,71761.36727272725
1995,192.07181818181812
342658,32137.05472727273
80865,7425.664545454546
1911573,161681.34076363637
44260,10537.984545454543
32263,2954.889936363637
53634,6389.296363636367
4678,553.6310818181819
143222,8863.065454545454
1609233,77096.04226363635
120831,9604.87363636363
69965,7341.488181818186
58113,6511.877054545451
16,1491.0981818181817
29417,87376.62953636369
697025,31792.513972727247
60136,4225.945454545454
74721,79191.23450909092
1988,210.59832727272737
295577,96960.5800363636
111782,10544.312236363638
1982251,90657.68090909091
244698,13839.057490909097
73778,3387.604545454544
376488,18416.194927272732
302485,15230.81589090909
54304,88548.41090909089
445,190.79818181818175
166953,11331.534545454546
165812,7634.936545454546
1849530,90260.61009090907
1701761,78831.03265454549
661182,30088.554672727278
212743,9753.740909090904
182269,19922.520909090912
2373,83906.56202727272
1073987,138296.12558181817
42054,3214.7502363636345
29907,1609.8240727272726
1759396,81465.88997272727
1544982,150932.61471818175
1573536,46431.23930000001
2029,238.24520000000004
875170,41270.48585454544
471826,23955.591718181822
1734920,78906.92331818184
117156,9217.294863636367
1640153,60809.033381818175
2005,200.73181818181828
1649470,74984.88767272724
47780,435.42363636363626
768669,69899.27909090908
2207,268.64909090909083
75,3572.0236363636354
34072,5359.345454545453
28105,5062.082109090906
85,3201.8063636363627
182402,8318.924254545454
42255,5848.757627272727
1195766,44646.68372727273
161620,6040.8887090909075
40222,8052.4072363636415
224455,10210.581272727277
3883,363.4804454545454
63743,92155.98585454546
34093,5768.775500000001
5324,507.94518181818165
457933,20805.000909090915
-200213465,-7272697.6836363645
2335,8686.516118181817
1649508,74985.9761818182
278993,21181.603936363637
1742993,79343.34211818181
466152,101554.3009090909
203133,10727.268399999995
110934,8918.825454545455
28443,1405.9845454545452
1501433,154329.03363636366
191028,10161.180999999995
78156,5159.799090909091
28261,9919.536427272731
68287,6386.984545454547
635,86569.66636363638
55079,11021.68909090909
36922,36543.330072727265
262406,11985.788890909085
2239,273.4507636363636
68288,28745.36272727273
3052,291.89783636363626
414715,37703.33202727272
41273,80888.88090909088
53625,525.9527272727272
48463,11528.634181818186
39845,1918.703654545455
1884934,87171.42935454549
475965,34969.884909090906
416916,19005.25189090909
-201486721,-7272714.076363637
40566,1965.6414636363643
2034765,100323.41604545456
1097466,51377.06363636365
660628,31914.160709090895
660514,31927.464572727273
1524217,138592.48454545444
83677,7631.553654545451
46036,2522.795054545454
289239,14606.268745454543
1784836,88971.61373636364
1751872,82930.06504545451
46468,3632.9329818181827
3071,1771.1830727272725
29298,1566.801436363636
1155738,138629.8361090909
3497,320.82399999999996
360528,17880.542181818186
1794910,165395.423709091
43220,3944.6112181818175
1137960,51856.300618181835
1914244,90880.77969999998
1036719,94139.58098181817
953,69.13536363636365
1998,182.18211818181828
327159,14889.571818181821
56688,91848.84396363636
1649481,61146.05195454549
74030,4845.253636363637
64,8934.660099999997
39643,1884.1710090909096
29052,1773.045036363636
1543705,72074.34272727273
55193,36503.98316363637
29330,9854.500909090906
127,80192.65638181823
112902,88929.55170909088
270857,11763.68140909091
47420,6016.73727272727
599652,28721.04072727274
1434010,68582.06848181819
5631,105.38396363636367
171,33.56453636363637
404235,19829.56789090908
4430,252.54149090909092
1431823,26031.732327272737
36853,10192.102490909088
542959,20139.57948181818
97050,5906.779718181816
1870822,68020.83626363637
84111,78570.83481818177
1170227,53196.044063636364
1213737,81336.27067272725
1246635,66351.66086363634
77156,3844.3759909090913
146784,18653.13072727273
561,138.3118181818181
72171,3470.9362636363635
354203,17581.439227272735
59732,5040.889999999999
225447,10372.43752727273
93682,5721.583
43988,88031.65901818185
13289,848.8136363636361
1649490,75002.22543636367
293136,21817.310318181815
2023,8611.34090909091
35838,27766.437827272726
159345,8731.794018181821
188905,10060.633
1295327,74182.56363636363
659693,31876.509090909094
152180,8371.507963636366
67572,15251.24754545455
2175,120.45240909090913
195164,8940.733809090907
216851,34469.98454545455
7106,392.75727272727266
4231,391.27888181818173
5230,481.4700272727273
596499,54256.930881818174
2701,1600.889318181819
252301,12925.950881818182
1145298,13950.267272727277
264147,15884.702499999998
116152,10568.961881818175
1331051,60506.28545454546
596707,27240.834636363656
346096,106917.11545454543
475961,34946.12908181818
414878,37745.92394545455
162027,17611.36693636364
5529,1828.4397363636363
1484898,67509.71454545451
316612,14477.484545454554
643949,33185.851327272736
1742990,79301.12067272725
4653,87.01996363636366
1184606,57718.07346363636
459786,30767.69709090908
203135,78875.01545454544
113,87266.61476363642
1609958,74663.10274545453
256319,20370.372781818183
265718,92794.7836363636
152161,8390.93685454545
46255,5844.43
5097,20713.180000000008
556178,29169.001627272737
402649,18405.159963636364
238749,14572.259999999987
47251,88111.73727272727
3413,128.07750000000001
1418588,64543.582154545424
75654,6890.336363636362
393277,19331.79156363636
81682,5215.72181818182
653686,34978.42164545454
1001993,18706.8
1276290,66549.90753636362
41891,2973.4166727272723
351195,19571.486954545464
-200134627,-7272626.416363637
236756,62027.0526181818
3653,363.7067636363637
1982076,18116.523636363636
551,86817.81556363634
311411,15616.540363636364
1763521,160370.7583363637
252306,13722.169054545453
1069494,48720.982472727264
759360,40680.415454545466
2147,201.6384909090909
741759,33702.38670909091
5179,1557.952172727272
1652133,150207.76729090908
1148783,58343.17999999998
745410,33867.56575454545
288021,73628.96556363636
100815,4574.903745454546
38832,3690.3220090909103
651456,83469.84636363634
281915,16527.056363636362
445219,20228.51
836,7874.103636363638
4527,1099.8235909090909
1433998,52133.6721909091
84756,9588.139463636362
191373,17211.303509090907
1177,134.4936363636364
155977,93025.34058181818
16718,1562.1518636363644
380738,54857.36677272726
109168,11722.558654545455
577310,57174.979963636346
489140,116165.9415545455
178440,14267.70576363636
2351,8810.032727272725
3980,365.6117272727273
1906945,95195.41874545458
1434002,66635.73156363635
162289,78768.38090909093
1743,1596.6190909090908
479149,17440.634545454544
3418,62.721818181818186
544,102.29
203522,10537.426918181824
131309,6284.599863636361
648802,37995.094690909085
165779,78939.3890909091
1525371,73093.75786363633
432330,28160.272554545452
2222,6632.139036363637
991903,45097.42938181818
688353,43187.878181818196
253238,36105.20120909091
1502725,76817.83019090908
1759400,83123.37230000002
1433999,73694.82055454544
152267,6950.986363636364
695999,31742.774190909102
211469,13732.198799999998
1742977,84640.29880909092
449972,23632.276363636363
153232,10130.798936363633
106633,8168.377272727272
904,41416.06865454543
116064,2111.104918181818
830,8544.037454545456
2055880,93505.04636363636
187218,9034.55272727273
1233426,142077.78205454547
1689250,85277.32543636361
1679002,77795.19652727268
669357,116357.2977363636
66848,13239.299090909091
101851,4878.651963636363
401624,52027.68910000001
893,9754.546545454543
1549126,64083.29637272728
371730,17424.40272727273
34023,3430.8527272727265
4053,155.35181818181812
1206748,58748.82353636362
428711,39219.85705454546
418453,27516.141436363632
2024958,92060.05916363634
1335483,60748.92749090907
1121251,53028.43499999998
6,15293.977781818176
6292,586.8332272727272
5157,46979.253163636364
2035811,101421.4628909091
1054211,139250.6953636364
119977,15708.143636363628
1129,85998.68454545454
3826,357.2771454545454
1145345,52046.886254545454
7145,654.7574636363634
38797,22323.266018181817
35569,1983.1665363636369
360145,16613.113754545455
1861843,84613.74673636362
392332,27549.276127272722
212790,11912.544327272732
3689,1187.0610909090908
1182780,55658.447700000004
1425377,64888.38257272724
1032526,53120.19840000002
1934947,177678.24687272724
1434048,65171.66527272729
338191,30760.754136363634
129957,14403.423636363634
133,1485.5963636363642
689697,56990.05573636364
146936,97993.17108181815
1676651,152476.5521636364
659428,31430.95854545454
227873,11848.511818181814
309512,15541.443563636365
984996,48671.74739999997
204286,10585.28665454545
2024199,32678.082727272726
448176,21982.16865454546
404432,19669.429090909096
387095,19054.448636363642
258255,13197.374545454544
93171,4222.157799999998
2420,59870.02409999999
256818,15542.404672727273
290425,13241.190927272724
75309,84165.29858181816
13,9256.078618181817
3725,276.1891181818183
29331,9836.056918181817
745364,40518.31829090911
890,9758.916009090915
1565313,56933.496018181824
763439,38379.752727272724
588605,35243.66454545454
73029,94671.60762727275
39948,3285.852727272726
33194,2843.3227272727277
1004301,71312.40969090907
1326739,68835.90415454544
3749,350.52848181818183
293088,24961.607090909092
40354,3814.892654545453
5130,190.08415454545457
1827195,88474.94181818185
1804663,83921.0633272727
1052105,69424.66389090907
943,17.28636363636364
1755676,83669.30513636365
3671,497.7858272727272
237179,15028.06478181819
1891672,58555.179345454555
398041,43759.15181818183
232244,36213.51
84567,7739.529090909091
35823,87667.64454545458
2383,55.34493636363637
662,85.75545454545453
-200246874,-9090829.059090909
1207070,56320.70076363636
143452,1349.4790545454548
63958,9582.248581818178
3328,332.78363636363633
5594,103.44545454545455
315422,15798.245481818187
747294,37654.119999999995
373053,25448.953781818185
242605,91776.74683636364
50709,2323.8617636363633
239759,18715.75363636363
37924,1825.3297818181816
1101,8754.78051818182
1253,1616.6189454545447
1608298,58476.136536363636
1379908,147002.57840000006
292691,15619.495127272725
129577,9750.174609090913
28895,26035.296509090906
1121829,52875.36272727274
4480,4191.238300000001
1074468,48872.257327272746
1663717,84127.83715454549
7502,422.3230454545455
433923,23406.374545454557
2263,207.12818181818173
1073,2010.116363636363
898,9744.866936363633
665568,34139.045036363634
354349,21520.731818181823
352,6208.03272727273
118,100.4281636363637
935200,46653.85636363637
1774278,82102.62476363637
83174,4012.0569272727266
456826,20759.63055454546
312063,14226.556363636366
1812772,164796.1267363636
1705729,62021.2488909091
2027874,92166.48040909095
2071601,75425.3009090909
1392997,126635.04154545459
513557,46685.42305454545
54298,88451.11818181816
1314700,82973.57521818181
1769713,93748.36823636366
52225,68938.6168181818
44937,8206.55747272727
245876,14348.246363636366
27316,1129.8145454545454
72549,724.0220272727273
765413,28996.44320000001
1400059,65095.51928181821
518733,27481.9218
1974209,172175.2873363637
171868,33190.78059999999
53572,11147.429918181813
1398560,25963.950745454553
1505664,161302.46641818187
690086,33245.911336363635
516086,24911.147499999995
489909,26405.24
365348,100419.67127272727
191767,18918.700981818183
1835,211.4945454545455
7164,668.3022000000001
266808,13583.59154545455
157591,98478.5179
42360,75467.91029999999
1273155,57867.35737272726
379065,25728.276163636354
42695,15445.286372727276
82105,5713.9724727272705
28641,1660.9029818181816
1535326,104663.61459090908
1273095,103396.42145454546
1195526,58206.10689999998
413435,44630.860909090916
379072,15584.469254545453
362865,18371.381818181817
153265,9237.558363636359
109262,16599.51134545454
63261,3130.279463636365
32205,1470.4246454545453
626,86553.0356090909
429,38.41181818181818
396388,19501.214718181818
82984,72236.65168181817
1902578,69186.13392727276
4783,218.82424545454552
1005722,131643.2434272728
57039,12292.273336363634
-200072275,-9090835.738181818
4557,442.8019545454545
1486726,97477.03591818179
114627,6674.009318181822
59195,8097.994809090907
52713,521.2048363636363
1940406,88190.11575454546
1579506,71895.14324545453
40463,6541.075445454547
1278221,59576.05474545455
1288026,62404.89476363636
246875,36910.67607272729
231454,91252.83727272727
28253,7454.072727272727
2368,3401.382563636364
1232,9435.326945454548
50,26.473636363636377
-200128827,-9090875.526363635
1465824,66617.32161818183
1970191,143284.68260909087
28033,25788.862763636353
501022,26641.348754545445
490731,107984.6071909091
317661,18249.372845454553
212791,9682.86272727273
182623,18002.485818181816
135575,18366.601818181825
84565,72301.38056363632
53246,14618.17727272727
404,1499.8810909090907
-200072294,-5454537.561818182
1813600,82499.3618363636
84404,7356.203118181821
1912217,88397.86294545457
201096,12858.524863636369
93681,4283.572727272726
274591,15651.296800000002
3766,380.9733636363636
56433,3846.8717636363613
3987,380.73154545454565
580880,31814.15821818182
5500,244.94818181818184
613,86594.60216363634
1742992,79316.2615090909
656899,29897.643590909083
51654,4706.1136636363635
158846,91021.28996363636
42308,94332.8163636364
1955773,81993.71096363639
332162,30218.177499999987
941338,51278.82469090909
81461,33241.203754545466
1263978,59333.353227272746
332248,30297.200118181816
4038,383.96211818181797
67608,63635.23165454544
1506553,76993.63454545446
529883,27955.725018181813
102106,8464.271818181822
100175,17496.40560909091
33042,10002.036681818181
29407,3424.829827272729
1485,1593.17090909091
283,3814.829545454548
104175,9470.67910909091
1164863,53022.560127272736
10358,762.9572636363635
5935,964.3198363636367
1649459,76427.72805454549
499551,61745.23902727272
186475,8484.449209090912
129001,7177.20128181818
167375,93551.31125454544
82373,52523.69627272727
282132,17042.18545454545
239934,85839.43850909092
77043,3136.090927272726
7028,1585.0676454545462
832,9338.188181818185
146825,76822.31046363636
586132,10651.232581818183
79818,1558.267781818182
1903858,90272.84865454544
390988,19051.80733636363
2055876,56090.941818181826
117563,13851.718181818189
93217,9678.174545454542
76833,3589.539690909091
303379,17250.71074545454
42367,23517.30770000001
5280,3109.9651909090917
150022,78218.03496363637
596495,27206.391318181817
1154586,104965.6582363636
157304,8734.559363636366
1977639,22976.35625454546
106146,3877.359636363636
1121254,52247.36141818179
326319,17095.323454545454
158851,7243.536045454545
-200033406,-1818177.9572727273
53,10203.622118181818
109944,5996.776509090908
1742989,79314.11850909088
862261,47684.49491818182
390876,19643.143354545446
363408,15025.552763636364
246873,95457.14727272726
202907,12687.93545454546
141450,15125.002727272731
65047,2988.8918181818162
36739,5555.971818181821
6333,4420.960036363636
970,83858.46
773,81.40545454545455
475,234.64545454545464
369400,19040.669245454545
33187,3027.5642363636352
76634,7391.366545454546
422440,19225.89810909091
19205,629.1164
2706,1254.6863636363628
2276,368.53090909090906
848,9307.239090909094
947567,44526.49161818182
599653,28709.9844
52972,6127.756363636361
35836,11331.04634545454
880756,43107.5429909091
1392992,63569.104290909076
51952,2585.784618181819
1904377,70411.67855454545
15367,1319.9455727272727
46200,10847.34169090909
1185872,152032.32086363636
647744,55068.238399999995
472568,25365.56777272727
1960084,89125.85058181817
1400859,127349.55110000001
1048752,9531.026363636363
241192,19540.940090909087
235888,14587.26923636363
74032,4819.463745454544
299261,15074.810681818193
1007082,48925.870099999986
4815,1783.379718181819
196080,10369.747818181819
300275,2773.9163636363637
290180,22310.386363636368
232115,12800.72790909091
168658,9728.676499999998
53452,2475.660445454547
44000,26721.39872727274
43773,11697.975354545457
28222,10986.509836363632
1678,1599.343636363637
1123,86062.69970909094
581,86562.92084545456
538,45.58363636363639
146,19.986945454545456
1936111,88029.31475454541
140106,9120.577127272727
1121253,52246.39195454545
1611681,64855.481809090896
3913,361.84005454545456
367771,18189.67905454545
261825,15184.258836363639
909656,33070.20545454545
380240,68549.61272727272
1855364,84319.75741818183
10227,180.18373636363637
1358438,67158.94753636367
29526,11056.371372727273
1620700,159595.64819999997
1471399,133778.3446727273
1433986,66633.77898181818
1123044,54212.970681818166
996924,105059.44711818185
665874,33967.81
599737,19519.704609090903
475080,23159.681527272736
249523,14624.678609090908
218207,19609.857972727277
191303,14557.661818181821
178469,10366.536363636364
146937,10173.241972727275
146785,92605.75385454547
75687,9602.630563636361
68793,6251.743272727271
48075,8362.085454545455
5140,488.5236363636364
4842,61355.51090909091
3867,358.3128727272727
1217416,132913.29423636367
1649501,141857.64822727273
58842,4128.113718181818
285810,23067.940472727278
1792291,159029.84148181824
1648511,100575.28198181819
1915381,70906.3932272727
3633,348.65682727272736
1579315,73266.20170909089
1432051,73598.09499999999
264688,12103.094472727274
32012,1468.769090909091
2433,1581.8512636363637
179,8644.038181818183
40456,2207.3841
87270,7939.556172727275
1911565,86893.48319999999
51196,8732.873154545454
1099,8756.331790909093
1659840,77286.12925454543
171673,9683.458654545453
1914234,174101.2733545455
1768185,89662.87260909092
1608457,74564.34027272726
1211036,57297.20880909092
1079922,19642.028181818176
911113,130636.60941818178
526215,25803.846363636356
475794,79349.85642727278
454159,47796.5704090909
221279,73731.92573636364
182709,16809.96581818182
85079,3913.273309090909
28228,13500.42156363636
1470577,68300.09578181819
5552,80238.93950000004
35719,3260.3590636363647
3820,366.94129090909087
53244,9684.84752727273
1382931,125736.18142727274
1434046,67081.02090909089
504481,48560.64727272728
492233,22358.3875090909
400634,26722.718654545464
225143,14103.576754545455
5052,51713.66545454546
3705,374.7858272727272
83484,5485.646581818182
33071,87459.10658181823
65412,82814.14281818185
166974,7698.389618181818
407951,20619.035090909103
881616,43942.52089999998
568394,94008.3390909091
459532,29390.46681818182
376469,20953.879145454554
296051,39088.80272727272
85076,3931.14909090909
83612,4850.239499999999
82976,3794.6083818181833
1263,24671.1809090909
535,68197.76909090907
44258,3474.976081818183
5683,218.0669909090909
1649642,155683.09879999998
5600,2227.839181818182
320933,9231.714145454544
202949,17753.1092
7090,537.6410272727272
37840,84126.46504545458
58122,2731.9731727272724
54788,15876.995190909089
2697,1593.5991090909088
332246,15327.0146909091
1313115,61590.446409090924
1395974,65352.59181818184
248744,19795.19000909092
115780,11960.168800000007
83766,7251.636672727271
59740,86954.4785454546
50714,2324.0320272727267
1227,132.52896363636367
1175,86087.73385454545
157,33.054609090909096
10,77604.75281818189
1656823,45252.274490909076
2314,81.52452727272731
1331737,121065.74535454543
290731,25649.439763636372
3066,281.3808818181818
1855714,55705.11917272728
1187078,79583.52426363635
1509243,68586.57714545458
5277,53134.83665454547
1982088,72463.3558181818
1855365,84318.45306363639
1653174,75245.26889999998
1541445,75486.30915454545
1434019,66634.71407272725
572511,34534.70545454546
112987,7477.980109090906
70994,91315.3860727273
46123,10595.020909090907
31988,4634.017527272728
2425,77685.9490909091
1198,86072.86654545451
96,4138.501027272725
369122,7377.701181818183
43927,54740.57356363635
861913,43247.149445454554
1522128,138373.47102727275
1120752,136882.94104545456
1653176,30642.037936363646
155493,7108.533618181821
5583,2245.2167181818186
551759,28544.747272727283
92944,5699.331290909089
314343,18427.40311818182
745,74.20222727272727
395331,43481.196972727266
195964,10183.670009090909
337004,19202.82111818181
437504,40328.8805909091
373984,17060.7969
283735,15150.036945454543
44011,14182.817109090909
629,86564.42621818185
1609627,81662.17861818179
82978,36117.24287272728
5375,2465.4711454545454
360731,67659.6829090909
1222,85984.97361818183
647960,33263.54908181817
37818,1933.3341272727268
4780,346.15901818181817
1940407,88185.75072727271
85274,4605.436199999998
71944,5115.009236363636
5036,13831.263818181807
1920207,71138.9235090909
369248,14862.26338181818
73229,16921.006545454544
1217823,110728.23025454539
1937999,105707.05639090913
1434011,65217.70173636365
715222,65020.976872727275
423349,23335.98552727273
308865,16313.237272727267
191769,17219.427409090913
150173,6829.835454545458
75984,3501.292763636363
29169,2268.8698545454536
28065,4986.231818181819
5690,307.7790909090908
3511,324.8497
2755,8615.522563636365
1152,85986.58727272727
911,1947.9890909090907
841,8566.777272727273
810,76.85181818181819
226991,71289.21420000002
1190,86090.42941818181
98402,26058.80441818182
2016,188.3242363636363
148303,10435.168963636363
416,56.305181818181815
271087,22021.336990909098
484508,30513.248663636372
291967,13330.918272727282
417127,21228.95885454545
1930830,52695.36727272728
1612198,98910.2254545454
561367,27775.32843636362
444052,16160.985454545458
44675,28165.219100000006
2747,8639.59910909091
2132,114.9072727272727
1730,8581.131518181819
1218,109.07
44471,89474.23189999998
1073986,74127.84885454545
5453,31304.024900000015
130795,6038.778154545456
282682,14303.528309090909
909931,75092.7846818182
39934,725.683
121820,6990.250200000003
1679449,77792.9965909091
34348,9099.11491818182
40436,82259.98292727271
4512,941.4287090909089
1612157,75175.70410909088
152053,22200.912518181813
1506577,61575.92710909091
1494215,94740.91382727274
453849,23794.128472727276
391952,17830.280000000006
388463,26948.84818181819
168934,9573.703836363635
110932,8949.239090909092
1243,3798.3705181818186
1051,3345.3842818181797
586,86561.91474545457
568,86551.73566363638
532,2100.022163636364
226,3312.404545454545
270497,25277.560681818184
79808,7254.61993636364
33874,2816.8681090909095
1884449,75316.93276363636
137583,18428.5566
28884,5979.827599999999
1091044,51469.137345454554
5199,376.569890909091
4235,233.17767272727266
604195,32751.106263636357
158440,8842.379036363636
63259,2499.9105727272727
983507,46172.56674545453
70411,83918.69398181816
1274401,11582.64022727273
1778653,84990.43690909087
1495041,67941.93814545455
6643,240.6312818181818
351094,19560.84229090909
1573806,138417.54621818181
1541818,71534.71827272724
1446465,52585.84644545453
377315,34823.304181818174
361607,32874.75181818181
65356,4761.489409090907
35832,10490.235672727278
35798,11077.974218181813
32067,52828.37318181817
13724,685.5771363636363
497,101.28909090909092
441,56.17636363636364
461281,58830.25830000001
158045,5734.5925
3869,283.1905636363636
145474,3289.684154545455
1434006,75775.45963636362
238244,9140.041163636364
340070,34203.67980909091
68785,5000.949936363635
104204,8562.650536363637
22662,964.941390909091
35724,3674.9353909090923
1573534,61907.271236363624
1125862,51164.14529090907
332100,18906.846100000002
292636,8716.985999999997
5001,82031.84142727274
29828,2710.431936363637
192992,23355.35956363636
109326,29664.123327272715
1843210,92288.40914545456
3846,367.8540818181818
184869,8502.7904
1662329,60435.945363636354
1882917,68471.10674545456
658061,39211.932554545456
582472,26461.715527272725
455358,103132.34491818187
364316,20255.114327272728
90243,4126.372436363637
56999,810.368181818182
5206,85914.37090909091
3554,82199.77489999999
1016,2324.097272727273
965,6206.935190909089
59,26.493636363636362
5395,390.1090545454546
41247,93873.0335909091
261684,95688.3238727273
4119,388.84228181818196
85108,7167.918945454546
5307,3925.359827272727
150372,4240.004163636363
70447,58025.12765454544
219181,13660.796609090918
3898,365.3033454545454
5864,1777.7572454545461
187492,14698.714381818181
1804794,82286.20140909092
908251,47894.304072727275
37820,2488.969781818182
3640,338.64893636363644
1134403,112203.9158636363
261827,14160.634036363641
1154,85981.07267272724
353799,72684.79502727272
990721,90071.8747272727
1005038,121307.0226727273
613121,31733.928763636366
488937,31908.917963636366
630701,11463.930990909092
2047815,60942.8146272727
1518149,81180.89263636367
1330547,60523.38000000001
861914,43257.52374545458
574559,29279.846309090917
160674,7349.609090909092
66735,5105.871618181815
1378,67.58269090909091
1357,150.0964545454545
234,5437.690000000001
47054,31675.936909090902
59282,4776.202027272727
1955842,88974.11844545459
1155385,53969.208236363615
5121,1439.7167363636363
46631,847.2923727272726
1410680,64137.8111090909
5159,468.4738636363638
1920453,35768.03315454545
766733,41821.32832727273
3174,229.4118454545455
5146,490.3953818181818
399320,18159.41841818182
5149,24116.192554545454
74385,11872.301345454545
241421,97004.16934545455
82982,18057.906527272728
1951300,88682.22873636363
1408818,52392.05785454544
83551,8014.872127272727
1631197,77952.12071818179
1862,3947.245136363635
29393,9833.029936363639
144193,6633.162545454541
1329200,68928.56080909092
216431,12122.082209090906
175304,16464.68699090909
5144,2170.68899090909
159075,5775.850481818183
100474,4550.580009090911
1205,86074.9283818182
1924093,112049.34939999996
1712422,81001.70445454547
1279384,25602.92636363637
946234,43011.257000000005
501783,25078.23923636363
460517,5239.688181818183
358023,18530.757890909095
252356,13737.487445454548
224135,15597.345454545459
203697,9281.770000000004
76890,7009.44363636364
54066,2446.0876363636366
52959,4674.07250909091
6278,581.8261090909091
2172,116.4275727272727
1370,8552.801554545455
1186,156.34298181818184
1021,6212.581818181817
780,76.07890909090908
209,3300.3402
88,40.32272727272726
-201573805,-5454535.588181819
28194,85517.31386363637
132605,91954.82784545455
1745211,99506.40234545454
1434025,65166.84336363639
119541,6888.291854545453
41707,2151.2913090909096
1494427,76425.31327272733
53945,3920.320200000001
188907,14759.765663636366
50056,745.3318
196084,10220.340354545455
1237,6228.27000909091
1744881,156234.31883636353
119979,15685.063599999994
1926651,68724.06142727273
85072,3927.867218181817
81411,33234.32328181818
1434005,91020.5654545455
99,15277.886654545448
1254401,123901.1845272727
282198,8568.033454545455
510690,37139.95823636364
497742,25850.319963636375
15747,788.2052545454549
256846,37412.86843636364
191392,8280.00104545455
1231656,88618.3126727273
2005380,91163.55007272729
649462,111957.14410909096
644652,104029.77515454541
49279,4490.224545454546
126428,4754.786163636363
1803640,83173.39529999997
84034,87612.30057272722
483074,52362.26644545453
1914260,91073.18429090909
1676142,152391.95671818175
81466,26589.383890909074
30079,2741.744272727273
299566,97855.18254545459
2045304,55771.779827272745
1903506,88889.76545454543
1535192,90379.9305454545
1508657,93217.83100909089
1501226,76739.87794545451
1443590,69736.44818181817
651660,38122.75524545454
643217,34646.24311818181
354354,41769.567272727276
204475,33883.40331818183
186831,17001.668181818182
84406,12346.79369090909
79328,29253.280000000017
44013,7422.132854545456
28067,1329.6209090909092
5269,494.63636363636385
1849,28376.944672727266
1350,3828.7736363636345
187,68179.48487272726
34699,2599.276072727273
306539,17940.78396363637
4496,417.53223636363646
1930924,87826.66288181822
1930845,52649.7158
1187887,79619.24169999998
1142,85997.92692727277
5340,398.133990909091
375928,39145.62424545451
184431,16763.83877272727
57515,5226.175772727271
511745,55902.34105454546
33983,3000.5274090909097
397456,86225.63272727272
415014,18860.581563636366
54293,5571.224027272727
896,9746.705800000002
1572663,44240.8797181818
131324,10215.78064545455
1502711,70200.99764545452
2005363,95311.8438727273
1699066,30893.812727272725
1982355,54358.67719999998
5240,474.0499636363637
1284657,47879.72146363637
433838,34989.27784545455
134813,80855.57839999997
1381133,12553.492736363636
104397,35798.925972727266
1330545,60516.80938181819
336260,26895.356172727275
35796,4912.89392727273
51194,9610.793036363639
1655429,16748.346445454546
1775574,60784.01645454546
1332112,146561.4169090909
1297562,87297.51537272728
447678,24409.45554545455
28581,1211.893190909091
267849,18337.664818181813
1765964,83574.18788181823
766502,27878.109636363642
192258,7141.749745454543
93368,7394.127472727277
1321364,61940.604063636376
1274363,83760.36754545454
4685,2055.3656
1775468,89993.19639999999
1649476,80482.23660909088
1608404,74562.09300000004
940550,120313.17181818179
577309,34037.09998181818
570266,41480.642136363604
469322,47193.92060909092
416212,84470.23636363633
364409,16600.22221818183
336827,19374.623636363634
324777,18261.81521818182
318147,14474.76138181819
230666,62909.08909090909
207244,17917.27545454545
204037,95805.17545454543
189330,17095.027654545447
186765,7184.78
180541,41937.30192727274
82802,12254.15
34453,2503.3354000000004
13075,9084.897272727276
6247,227.42568181818183
6237,579.1190727272726
5806,1499.2189363636364
5021,1809.386363636364
2370,1579.8647272727262
1013,2312.1116999999995
579,69.6974
34487,1879.2995090909092
257820,11740.799045454542
1692042,153832.40268181817
4951,1817.4682181818175
4719,436.48201818181826
4549,1036.782581818182
1658781,61480.64157272727
5027,1545.7232545454553
284134,5160.058518181819
37467,12033.323245454543
697331,19039.12978181818
490828,9504.786845454544
39965,44131.88285454545
184923,10472.830272727273
178898,32831.7131909091
4554,419.99509090909083
1351751,61693.684381818195
416949,22796.53695454546
511189,14877.956745454541
1851152,50506.394927272726
335927,16721.82859090909
1521255,149955.91121818183
1643951,66645.23389999999
280472,38389.88467272727
18,9725.561127272731
1905344,22239.1862
55512,542.0834727272728
5884,15723.845336363636
447237,24211.110854545434
1203,130.24045454545453
29909,18362.526481818182
1241326,143767.52140909084
52605,88321.1455818182
150059,7397.314745454544
76008,22520.28031818183
1912923,69548.03774545452
221102,39791.187354545465
1077265,97939.56598181816
451373,24579.585990909094
268175,78500.2506909091
34474,65591.74489090906
34717,3327.699818181816
84108,62839.490027272754
42837,10440.087818181819
265570,12055.001099999998
237,2312.22510909091
1924101,95948.36616363634
177399,26756.343263636365
87171,5415.806300000003
83373,6340.308581818181
198705,12708.359727272726
1303912,68953.30274545457
42305,2098.661172727273
995729,53885.59599999996
1849822,55542.95492727273
465,55.97497272727272
243023,12613.612227272726
61653,4256.661290909093
1495038,89039.35439090911
1400060,65091.79127272726
5352,2814.965345454545
2349,88207.96191818184
670486,30468.25475454545
1472292,121080.33077272728
3877,367.18081818181815
1935188,130153.86259090908
112008,5075.7532727272755
5626,92445.18550909091
289201,21634.807636363632
1940395,96689.57920000001
680115,25116.96663636364
53318,12108.750509090914
453229,41217.70830909091
35103,1913.008627272727
1906659,34675.92848181818
1860139,135280.79955454546
1491576,57185.95557272725
454922,16809.788481818185
13034,86521.41022727275
1849718,87566.25681818179
1434034,13486.859618181817
1031282,31823.248709090916
292632,37889.54764545454
244127,35686.55015454545
1930932,87752.89537272727
1931200,89234.24279999998
160800,7325.810445454543
1775424,82153.0244818182
1654931,75244.37975454544
1481960,60685.7493181818
1341118,110815.82541818182
1193515,54276.78069090909
869806,48664.71689090909
762296,27742.311145454536
397864,109257.80640000003
397275,86210.39949090907
359337,93894.74385454545
332102,99350.92393636364
261933,13360.789090909087
240411,16339.669336363631
199487,18153.614654545458
188143,8593.261990909088
168470,75829.15021818182
158481,17401.20727272727
100883,10438.841781818182
89583,4107.450236363636
82986,90299.16378181818
59739,11846.687754545455
57665,4723.441936363636
48073,79763.64636363639
34098,2015.244527272727
33973,10851.701345454543
29465,2831.604545454546
10242,743.606709090909
4640,437.1928727272729
1257,8546.020227272731
1163,122.21090909090911
978,4121.619999999997
933,6208.600336363636
702,17.741127272727272
590,73.18818181818183
194,3316.9942181818187
105,4084.0581818181804
1779141,80874.7575363637
1494913,72011.0850363636
510701,31705.386090909087
1930933,17560.404190909096
336830,15365.589890909092
1849828,74063.42776363637
1485594,67511.16009090909
1209946,45159.24998181818
139105,36410.83334545454
146935,10123.017363636367
120652,7563.347154545454
1247519,35372.817109090916
13275,641.1821363636366
1161125,45312.53661818181
41955,3815.1381909090896
663242,31599.508672727276
158876,5795.06791818182
34111,2005.5077181818176
291988,30383.88717272728
1677050,84733.35909999997
5092,51671.465754545454
2289,9791.566181818182
109875,1997.3316727272727
1616833,159422.2235818182
1476424,13871.877890909092
117248,1133.0942545454548
1645,144.97943636363638
56106,2618.6246818181817
2737,3854.536681818182
45662,7056.547427272727
5581,21853.9861090909
225842,12531.545763636366
215802,9793.62841818182
1912771,76642.69836363634
314122,9854.56952727273
213223,15513.10712727273
34372,3124.0419999999995
29175,956.1851727272727
1056,97.08575454545455
1929135,90970.80874545457
225421,9358.599309090909
55077,4184.55140909091
1884930,69708.7225818182
1169538,21257.711600000002
89490,22202.72523636364
38880,1415.1197454545459
75683,9601.71040909091
3701,349.54629090909094
1849551,90191.58208181821
243627,36910.54609999999
204476,24563.587454545443
81463,69996.09229090907
45156,5643.928618181818
91914,4195.380409090908
1775716,80700.5550909091
5333,504.32298181818174
1341120,110815.60480000003
71460,1807.739127272727
5587,2224.1820090909096
1133570,60646.90232727273
1924081,38379.13620909091
1403538,65249.66760909092
1042323,48830.53415454544
633130,24184.366118181828
1775292,86856.8212181818
482629,27384.448809090907
447020,95047.78841818178
217510,21508.30581818182
136491,8816.498072727274
82309,21754.427290909105
580596,27842.36286363636
75905,6400.823827272727
114154,5438.6775181818175
748770,96045.48991818179
456492,29240.964727272723
1964366,175806.06946363632
64322,4217.792881818182
29487,87864.4295818182
233099,13878.226863636362
51030,3841.8411454545467
1977141,18072.30641818182
308472,18949.711854545458
60892,9975.061400000004
1582879,71945.47991818181
2050,203.16616363636365
5112,721.7026
2042066,37139.06258181818
500614,18746.451118181812
83867,782.4489090909093
76831,5771.2540727272735
121222,11057.936118181817
47204,4309.355872727273
5943,2305.016572727273
5712,309.7805545454545
1185408,107764.6582363636
79603,47002.52627272728
42417,2613.551454545455
37817,4566.82560909091
4836,49085.19889090909
1406885,40339.05509999999
108930,3882.924990909091
305899,107836.47727272728
499228,31215.409718181818
157226,15662.831281818178
44474,87958.31942727271
400947,51826.0673818182
519427,15090.37916363637
388829,7167.37
1913599,76376.24112727272
1928820,57697.32833636364
1649298,75015.06858181818
1055323,56460.40619999999
82980,90288.96010000001
45234,23661.082763636357
356797,21627.177018181817
57488,2658.142981818181
482460,30419.438381818185
349742,15894.049745454548
1434045,67433.57492727271
1923871,76753.82369999995
651553,26786.404145454548
191301,7558.766209090909
1612611,77031.46421818183
72232,24879.733481818184
81894,5785.157818181818
1649,8583.04836363636
1161127,74494.39513636364
2093,194.60398181818186
939,2395.934809090908
1158296,21640.60247272726
474995,34551.41977272728
133193,9355.500900000001
556257,40556.158354545485
40751,6412.5578636363625
1649483,61144.7781818182
1495768,13854.365672727274
104267,6998.5847454545465
55506,86315.75364545455
195950,100088.14034545452
1322061,60338.02756363638
154346,10298.760172727272
1565532,126141.32932727278
5133,1053.2864181818181
13332,1619.1447727272714
123375,11462.518409090913
423604,19371.01710000001
264995,16427.57810909091
56856,2741.7072181818185
3504,258.22032727272733
1434050,142744.94342727272
105767,5044.761345454544
43947,5858.626654545454
146918,32322.14544545455
2422,74849.13304545454
1870884,93547.76140909092
1981028,98904.56026363638
57729,784.157781818182
776,4355.805054545455
4888,176.52099090909095
111500,7327.9414272727245
244364,78683.43649090907
1960290,90980.93865454545
1621534,76988.85220000002
1914449,90480.78925454544
1541822,57227.401218181825
44747,2439.2955909090892
35829,29969.816945454542
561967,38321.167
2299,7831.30179090909
349,91340.45883636361
36862,1700.3800727272724
1924062,53346.15524545456
1855363,33727.43416363636
862071,38328.81456363636
194195,5308.038690909092
217161,95804.02174545453
90372,10269.726445454546
1397107,145940.63848181817
1129544,53014.6797
863253,49435.013554545476
669368,116522.2410181818
156885,7189.876963636361
1100891,40051.89529090909
846,3482.9625818181803
316625,91962.12208181819
1335631,46838.348809090894
873565,18045.16994545455
762551,14764.329981818186
139389,39149.82379999999
7112,650.8092727272727
1911556,52136.13636363636
1125,85994.99938181818
2031119,96383.9776909091
427753,23305.792809090908
167346,9456.824945454546
1407607,43482.45313636363
1223423,22250.995172727267
245561,11148.744872727268
192874,5253.668154545457
175340,15939.502799999995
151754,10577.81164545455
91942,34568.55691818182
80635,5881.4176727272725
5305,18267.623745454544
319458,18594.151590909085
511678,23287.382072727272
392733,27161.252181818185
38946,1770.6576727272723
262,1560.3201818181813
4830,1784.8192727272738
292480,21791.55748181817
574697,110358.32029090906
249529,11901.795154545453
1827277,169011.3148818182
29521,6303.354636363634
795750,72345.15665454546
102115,90588.49393636362
1637257,99019.88433636367
1398404,13003.249281818185
418098,22951.488636363636
3196,1189.9221727272725
2740,1722.5329181818183
1172191,56563.9912
5296,489.47764545454555
64968,9116.403027272729
1564515,159200.84108181822
599651,26735.543454545452
1884429,18828.790090909093
376170,55095.30992727272
460073,46542.57192727275
365032,16521.517463636366
529881,22359.839118181822
40118,10448.387536363634
461,39.468063636363624
1935192,45062.66363636363
166484,7216.8548
151038,36263.43836363636
89523,5522.1011181818185
29882,1283.2012090909093
1188227,85726.90637272727
4895,358.78038181818175
1501143,154160.70572727273
766765,27881.431218181817
162171,61526.47806363635
59738,28095.217654545457
39952,3132.662090909091
1146845,54007.23069090909
630749,106234.29940909086
3660,202.25856363636368
71655,89772.75957272729
1522431,77777.07674545454
140458,14881.327781818183
33976,10039.615527272728
34102,1547.7545090909098
1091,8755.626918181819
6209,224.81252727272724
573139,27503.37130909092
198251,84264.6556
1266053,115094.04667272729
263377,13423.414272727268
70992,12346.050881818184
13562,2460.558663636364
242508,15255.929181818183
212742,7753.179272727275
102234,90583.92956363638
61593,2844.656890909091
2357,9809.387409090905
442430,38978.75666363635
286130,16289.793
1838142,163540.98821818188
2039240,80949.69105454543
1686374,62483.97211818183
1453359,91194.31099090907
1155934,48827.13916363636
115543,8243.8101
44261,2839.594199999999
6181,1708.7183454545454
5629,92451.36735454544
1445504,77320.16347272725
205841,13218.902500000002
1075397,138118.5034818182
551208,93206.9100090909
1921582,87369.72871818185
1218803,136098.9060090909
352450,19694.56661818182
283168,97115.9730818182
4855,351.65186363636377
5533,82075.39553636365
2023266,60273.19320909088
1436289,68976.8339363636
437506,13829.917736363637
221282,96069.18967272731
81416,1519.055327272728
71666,7470.9931727272715
27331,1489.9732181818185
71,23.465736363636374
240236,14412.465554545457
170610,93697.77029090909
2713,2457.0423272727276
752201,120210.82136363637
2295,9789.570072727269
1543703,70154.54701818184
504090,24209.66974545454
291183,15497.92895454546
46205,2117.614018181818
359336,16376.022345454548
150830,8307.61940909091
51366,2361.4123636363643
28263,1392.8618090909085
2042899,148571.97364545456
503005,100423.42024545456
150333,6627.812000000001
134550,4879.491572727273
132607,92037.42788181818
93827,6032.68118181818
63265,3140.0230272727263
61434,57457.613127272736
36048,2774.6264363636365
3817,362.46030909090905
246263,11312.739045454548
124224,4533.3395
7482,2007.0097090909092
1924110,37325.215727272735
89404,7358.659881818181
4828,262.14919090909086
680287,12567.349354545455
1011,4106.91061818182
1505663,44575.88116363637
2018671,91802.57394545457
1827307,166114.4957909091
212744,15832.624199999998
1651,6852.1413
1987010,45962.66318181818
1926663,67298.41557272726
1924067,95259.8296
655352,23829.574090909093
476278,4986.354772727273
444051,8973.43659090909
53328,9686.918672727275
33073,2227.923036363637
992,1641.9029909090912
1017280,46223.995381818175
2330,152.69476363636363
200670,13182.720209090909
1193324,47779.95678181818
459520,21639.380454545462
58050,14817.665745454544
49277,4489.502100000001
655184,23815.015354545452
1204360,34199.91357272727
109632,4094.709745454547
447467,97912.1297454546
1980680,22944.806509090904
1965226,100979.5555818182
1868329,69739.43464545456
1780190,80940.29351818185
700450,21539.32003636363
658623,23974.154100000003
471824,25734.088854545458
467084,16972.518354545453
436357,4257.0392363636365
379068,11687.774490909094
338321,12307.227299999999
200903,14096.856945454545
196079,6030.089381818182
153027,16640.405781818183
133407,79698.56850909091
118004,13986.662254545457
112040,5873.436509090909
6564,237.2592181818182
3774,341.2374909090908
2723,3302.4118454545455
104264,7005.403772727272
102231,90593.04866363635
57739,70794.86102727274
1980513,72057.69761818183
80744,17114.097736363638
41254,6107.723909090913
434,58.48101818181816
2039723,98875.75970000004
36086,7051.22470909091
35800,20126.165554545452
32257,1499.23960909091
1738655,158064.0555454546
286104,15265.599627272728
1826864,130052.58039999999
1236988,65286.12559090911
1210119,59068.34870909093
885864,108435.87209090909
80764,985.3564545454544
74317,6551.266736363636
862,3152.8441727272743
208215,21088.035981818186
36910,1759.7982636363638
2004411,92560.58956363633
1987016,114908.08815454545
1913444,86958.3139
1395977,12947.31371818182
389486,15970.926627272727
76023,53629.22811818181
13334,1764.0728090909092
7037,512.8712727272725
1968878,138984.51596363637
406099,17393.186509090905
314318,64932.86529090908
84646,33860.87304545453
13348,2193.1264636363644
5110,1433.9716636363635
125369,15789.937909090913
95729,5649.434981818181
153497,7008.6154000000015
1433993,65170.53010909093
78141,5243.117309090912
340096,23948.2856
77021,71608.9833181818
34104,52902.62728181821
620,79.00706363636365
1518147,57006.45819999999
261963,99195.54410000001
637,86557.8970818182
1434049,90563.77641818176
1333716,121244.37507272726
1274351,53132.009309090914
511434,18589.001090909092
500577,24205.393427272742
446680,18043.205072727273
390846,43406.80129090909
7069,639.933054545455
6944,502.4489636363637
4867,351.4456909090909
1910899,173710.99269090907
51668,6072.5406909090925
51293,3728.1673090909085
843,1328.654581818182
1903434,86543.12960909089
648800,30399.116936363625
99906,13031.581009090913
68903,6994.480099999998
56747,6241.969463636364
33024,42860.64596363634
4910,176.60934545454546
1637,8584.259772727271
1938003,88074.22538181816
1245590,82242.3002090909
1141978,49274.03865454544
599838,21805.99587272728
476528,13017.581881818182
329162,100890.48301818183
2036021,170114.65680909093
1400062,65091.29400909092
1049006,106953.02660909086
767891,34890.25766363637
700595,32562.22590909091
674963,27588.581636363637
653683,30561.459072727277
545865,26807.22840909091
427925,18043.031100000004
82800,4901.596409090906
44748,26624.404372727262
35721,1912.6631636363638
34433,1443.645654545455
12956,1355.426445454546
4753,2226.9300000000003
2038280,98058.62208181819
1755683,85211.77914545455
1686313,61307.53905454545
1579505,71807.24464545454
1572763,73740.03829090908
1470540,75347.9735818182
1392389,63274.95243636364
1347386,140215.43367272723
1335745,64001.95999999998
1283313,66131.23909090912
1265689,66650.85205454547
1221880,51223.49133636363
1213720,63657.94269090911
1193503,110636.4657909091
1143004,54016.58960909093
1047167,51851.48363636362
986106,73038.7772909091
944321,45173.79065454545
940557,52059.458181818176
704093,40494.24181818182
698776,40254.60761818182
693074,50403.570981818186
650341,97712.92243636367
648799,30943.1697090909
515417,23671.770381818184
446458,29411.938545454537
397268,12804.097290909089
396811,27155.98099090909
392735,109159.25900909089
379899,42916.03181818181
312278,18264.82332727273
290174,15440.265199999996
265975,20579.63545454545
232523,14245.717472727272
229219,24022.44977272728
202771,11648.130572727277
171412,13025.396590909091
162985,93418.15470909092
159191,93257.28608181818
158483,7236.71621818182
156993,16254.813190909099
148959,5411.445490909091
98757,96678.38717272726
93758,4426.680018181818
82202,87529.67383636363
66831,11527.929999999998
59734,4966.949090909091
43996,10488.86811818182
43994,6293.334563636363
40544,47069.13285454545
39773,1831.4545454545464
34416,4065.073000000001
34019,5278.868190909089
34000,1562.6018636363635
33055,1190.950090909091
29832,1750.9593090909093
28196,4581.485454545455
28073,87286.02909090914
7215,672.5988545454544
5754,1789.0781636363631
5748,19674.14003636363
5618,51550.47818181819
5550,1462.1949636363638
4958,35090.66495454546
3995,287.7819454545454
2717,130.08107272727273
1647,3556.644563636364
713,76.35310909090906
657,57.358954545454544
425,1472.622727272727
1937963,176176.1777272726
1715798,46784.75089999999
866673,110927.80846363635
623276,24313.43194545455
561555,16664.84815454545
471798,23947.569981818186
453850,22879.179572727273
393661,76363.21031818184
339721,25126.248790909096
334108,12165.313418181822
292486,5329.678172727275
286705,16259.738181818186
267986,23406.788727272724
214904,14605.163663636366
124426,3383.529154545455
32199,70385.17363636362
28250,2834.5444363636366
5260,475.5312727272727
541,1913.0539272727274
1433987,65200.560781818196
429014,29184.84575454546
334107,12164.635590909093
269773,16601.576327272727
33196,2842.663609090909
6268,575.6753090909091
320496,14597.382036363644
231683,22143.157172727268
113286,13638.416754545453
59735,4965.37991818182
101,4065.0346636363643
1851554,168323.86894545454
583,86557.71382727273
1935184,90213.08119090907
1840214,133831.80178181813
1778601,66476.09266363639
1558474,74122.42712727275
481445,18668.44177272727
44259,8420.190763636363
34084,3816.5767727272737
1023,88133.08004545452
4614,430.0289272727274
64001,28745.15630909091
5605,238.89412727272725
2038733,77074.35709090908
1433995,67430.8961909091
929509,46101.77595454547
202696,33620.421309090896
135858,7217.500272727274
5569,27679.67337272727
352449,15754.649427272723
40443,22406.290318181822
1647178,63203.367145454555
531859,51603.303827272735
28219,4956.44620909091
194915,7493.3297818181845
83235,95985.96240909096
886360,120989.06416363637
1769012,106051.84684545457
400060,86335.99024545452
80662,7328.3894181818205
57479,70764.45583636365
659427,31425.580336363644
407217,86662.13552727268
99157,4778.715881818182
3561,82191.60333636364
1522432,72639.50339090911
1649482,78832.87382727275
98443,3620.2429818181813
1649468,78650.68338181816
1847725,84003.30753636365
6668,3831.299672727272
1004300,71276.90612727274
649460,55164.626154545476
29574,1368.9835272727278
1546255,74147.1652
600332,114299.62136363635
40136,3724.259981818183
-201892263,-7272509.063636364
-200036668,-7272536.787272726
1920860,35169.490000000005
-200001106,-1818152.3409090908
-201799696,-5454493.304545455
1985733,54570.03363636364
1623277,59507.418181818175
1285593,23399.31909090909
877559,28668.959645454546
360073,3357.7127272727275
253106,69078.32727272727
54968,590.15
54529,1012.0172727272727
49986,513.6927272727272
39169,419.24636363636364
7110,149.6718181818182
-200151340,-3636335.562727273
-200186824,-7272600.418181817
-200668547,-7272581.59
-201643826,-7272658.024545455
-201644056,-1818161.4663636365
-201892254,-5454466.25
289457,10557.460000000001
28236,778.5316363636365
1982576,18132.21272727273
1980937,36251.42363636364
1921122,17573.444545454546
1918522,17549.88
1914851,52592.81363636364
1820337,68815.40636363637
1623290,14867.57909090909
1431544,92656.08272727275
1298971,23833.600000000006
744724,13612.683636363634
662756,6033.607272727272
565003,10283.83
475087,30454.16272727273
246513,19287.418181818182
182332,2806.632727272727
178513,6502.2450181818185
174900,2124.9354545454544
130983,1486.7854545454547
114815,3261.05909090909
87755,4451.706363636363
87658,1691.5127272727275
84507,4439.687272727273
64579,967.3036363636363
41717,10678.05272727273
34419,321.5718181818181
34363,28649.094545454544
21199,241.80363636363637
13036,866.9981818181818
11749,223.9363636363636
7490,680.8790909090909
4510,94.85181818181819
4030,170.85272727272724
3853,80.99636363636364
3493,149.29545454545453
-200000809,-1818170.6545454548
-200001185,-5454501.290000001
-200035718,-7272203.506363635
-200074712,-5454502.238181818
-200081852,-5454493.185454546
-200087265,-3636341.14090909
-200188711,-3636340.685454545
-200189777,-5454511.446363635
-200213421,-7272687.285454545
-200221678,-1818170.3609090908
-200267890,-1818170.4945454546
-200543349,-1818168.6663636365
-200717964,-1818170.5345454547
-200909930,-3636323.0072727273
-201655514,-5454511.704545453
-201813606,-7272654.89090909
-201836792,-3636341.0918181813
-201853231,-5454493.424545455
-201892259,-7272663.813636363
-202005520,-5454511.093636363
-202036754,-3636330.246363636
3676,155.2438181818182
4610,95.36727272727272
4150,2944.3136363636363
3764,74.55181818181819
171003,7386.977636363639
1168313,26727.960199999994
33096,1317.583554545455
47494,847.3723727272729
604375,17530.051136363636
174214,1626.986554545455
133746,37960.44773636363
32636,1224.467536363636
2220,120.56727272727275
5658,416.9973181818181
253255,18098.87181818182
34016,1393.2672727272725
1084558,76122.55516363635
100715,10630.25672727273
1164882,49153.51999999998
68335,5376.300745454545
2048137,70619.62727272729
13196,272.4338636363636
36459,1500.6700727272728
1184396,51423.68809090908
331654,9425.947245454543
34392,2503.5692090909097
1650335,96615.20760909091
1914850,35042.90363636363
42447,55787.89363636363
10861,398.17181818181814
1881091,75201.00913636365
71245,2077.03549090909
5820,44868.504545454554
4473,81.82295454545456
558016,10346.344545454549
444090,17257.126836363634
263510,78324.65978181818
45350,3331.747309090909
1921784,139764.3977909091
205889,8649.362436363634
1539666,20969.920909090906
3887,386.4720545454546
2058951,74861.81909090909
6849,497.4391636363637
1008195,48222.61022727273
1918540,107050.38383636363
248038,15979.16472727273
420345,8223.308509090908
2753,23757.42419090909
1165076,33124.73688181817
5498,16665.883
6411,467.32379999999984
21019,222.68705454545452
37847,2066.519309090909
768,62.84583636363637
71927,18238.699827272732
34067,6175.628181818181
1040653,9461.685345454545
4544,350.1016454545456
2005359,59785.379636363614
51502,1874.2727999999997
448125,12212.073590909089
338583,6668.099536363637
46254,3492.8153090909095
7374,535.0151363636362
1082702,108583.94000000002
28050,7813.622145454543
582491,89923.19349090914
269258,9779.69127272727
5637,397.42773636363637
159730,19173.718181818185
221065,7378.850090909091
596767,10342.958436363635
4948,371.9491999999999
1003010,9169.134772727271
4145,228.8563636363636
407021,13405.722990909091
68787,1930.715936363636
4919,42235.660781818166
449632,17618.01123636364
6957,378.3429909090908
697279,14165.19357272727
555078,26983.134299999983
392825,10538.145199999997
7369,541.152418181818
331971,14147.623200000004
1935206,77163.4372363636
1535231,43219.79486363635
46238,728.163418181818
52784,21590.34600909091
34390,626.1366272727273
27456,1295.2248090909093
1408194,116055.1617272727
4562,165.81793636363642
1926659,52566.31705454544
218204,14726.04170909091
1007,1646.3389181818175
1955421,35567.7713
246861,9001.125545454544
237444,7825.886054545457
188910,5186.33939090909
1985648,18049.64385454546
274470,12580.22323636364
72691,3880.5306272727266
64159,16975.093572727277
7459,547.0584727272728
1977635,22975.806872727277
1902583,69183.65769090908
633413,18627.472954545454
2077,6866.950254545456
1933048,70280.22628181818
100860,3851.786645454543
1649495,61787.49953636362
364710,18590.21864545455
5873,307.14772727272725
41201,70711.75495454547
638847,46857.89912727273
551771,20141.639418181818
244599,19426.08291818182
2038,48.77359999999998
1221209,33315.31768181818
1851509,33764.37298181819
2316,80.55255454545453
869,65.74057272727273
1705353,65106.30478181818
171163,38806.98607272726
64498,1504.9287636363636
10509,584.2342181818183
153135,2995.2141272727267
637852,23195.95416363636
300418,3474.9231727272727
139276,1313.2368090909094
633405,22368.369345454543
427077,22321.301236363637
158848,37494.690518181815
83400,7360.342618181819
52607,70656.55823636365
1618113,59358.089999999975
1472344,26778.29022727273
1078904,29415.023181818175
507510,11583.744772727274
296014,15377.452090909093
174708,2758.844772727273
214906,3922.582745454545
5320,3989.618727272728
1857532,33785.0647
451512,16436.586481818184
283785,9089.572545454548
143947,6238.490290909087
2045060,74378.97096363636
2849,1510.5191454545457
45096,785.9818545454544
32068,42250.10718181818
45247,6578.9314636363615
5782,37525.381863636365
1937972,105708.76779090911
1123967,77189.2247818182
419014,16396.86193636364
2039220,18988.27727272727
2017975,56491.154545454556
1937008,56339.99518181819
1927833,69657.91003636364
1916646,35747.98523636363
1912503,52149.88039999999
1855413,17160.373636363638
1747777,31777.318181818187
1648497,45874.193636363634
1634037,33583.3668909091
1616789,29397.977272727272
1511750,28067.113654545457
1486724,18640.665454545455
1384499,28569.270163636353
1295378,47117.59334545455
1249016,11364.48
1076727,19587.71456363636
909928,34254.259090909094
908284,16526.383563636366
869896,51511.16063636364
574891,17028.507472727273
412592,14992.468700000003
401070,3682.5809090909092
393005,8045.271809090909
362344,3333.250909090909
358905,67823.80207272728
336276,3506.7045454545446
333922,13243.389090909097
293431,70489.34210909091
292637,17433.472136363638
286729,30730.31709090908
281119,32408.396699999998
269260,7335.745109090907
235572,2397.8963636363633
221161,2049.7990909090913
212347,19132.973636363637
206664,7631.21210909091
202746,10002.875163636365
190769,2069.768181818182
186035,3996.7899999999995
180162,6974.806363636364
177971,3315.5800000000004
171413,3256.4690909090905
160956,2471.7799999999997
142841,3567.4505818181815
110367,1310.5518181818184
110103,54614.27278181816
104857,1227.596363636364
104451,3432.0990909090906
101628,969.1118181818182
89725,1138.8836363636362
88055,838.3945454545456
79922,1564.9972636363636
79331,14915.712727272728
78779,1531.9190909090912
70774,5042.835536363638
69461,997.1981818181819
63298,2499.2526454545446
62100,64305.51913636364
57946,563.1572727272727
51603,940.3409090909091
38709,394.8945454545455
38595,391.04545454545456
35707,367.4118181818182
35127,1752.6636454545453
33951,8029.06927272727
33926,327.3445454545454
31479,1147.7242181818183
29888,1275.8786090909089
28000,508.5427272727273
26378,480.3118181818182
13659,164.6409090909091
10652,3598.32
7043,131.46636363636364
6288,2414.2644000000005
5931,152.83812727272726
5890,2701.251818181818
5800,330.55879999999996
5104,369.4157636363637
4859,351.9271363636365
4769,282.9954545454545
4539,269.13454545454545
4382,81.81363636363636
4019,76.31909090909092
3217,235.32459090909092
2902,11511.70698181818
1740,5192.975672727271
-200002206,-1818179.5445454547
-200002236,-5454519.373636363
-200003629,-5454502.456363636
-200004381,-1818179.6327272726
-200037240,-3636341.1763636363
-200063235,-1818179.731818182
-200072117,-3636341.0090909097
-200081850,-5454488.199090909
-200085034,-3636350.225454545
-200191394,-3636350.209090909
-200267889,-1818179.5472727271
-200407032,-1818179.6636363636
-200666507,-7272636.138181819
-200681950,-3636350.2781818183
-200693073,-1818179.6181818182
-200742031,-1818179.839090909
-201033997,-3636350.3281818177
-201570301,-5454465.96090909
-201777752,-1818179.5072727273
-201903412,-3636350.0536363632
-201903416,-1818179.3827272726
-201963268,-3636339.465454546
-201969992,-1818179.6318181818
1551504,28205.776354545458
51027,929.0672636363636
33969,4215.702736363637
1664383,47827.642690909095
543311,76868.03814545456
52282,2850.233490909092
3620,162.8081818181818
1984786,36441.042727272725
-200028983,-5454319.8136363635
548145,10102.597018181821
41603,463.2409090909091
15560,222.42000000000004
-200040424,-1818143.0854545454
-200603431,-5454374.568181819
545932,15436.026363636365
416176,3854.2609090909086
133894,1308.360909090909
73153,731.8327272727273
41881,733.5536363636364
23166,274.1763636363636
5330,3681.020909090909
4435,212.25363636363633
2976,83.40818181818182
-200003615,-1818152.0909090906
-200006725,-1818152.477272727
-200186806,-5454483.9381818175
2233,155.58109999999996
4688,108.48460909090912
1982745,18146.56090909091
163097,1501.9463636363637
82727,969.2845454545453
7456,448.7003818181818
2319,5126.475454545454
-200000868,-3636332.0063636363
-200006296,-3636326.6054545455
-200186820,-1818160.2281818185
25628,982.289090909091
12914,3628.091099999999
2045110,18605.37873636364
2038697,111235.36272727273
1982879,18134.566363636364
1982359,36259.673636363645
1982111,18128.646363636366
1981050,65929.58727272727
1934365,17922.687272727275
1922243,17583.252727272727
1921117,35155.52818181819
1918598,52997.40909090909
1869285,34619.198372727275
1623286,14865.968181818182
1198140,11002.242727272727
1198138,22018.93636363636
692606,11297.42090909091
630723,5753.813636363637
386149,3556.2163636363634
379571,3495.9390909090907
342943,4827.285454545455
321315,2950.472727272727
299296,4427.084545454545
267989,4487.932727272727
232766,4774.012727272727
202446,2353.576363636364
196136,1814.2045454545455
195968,15658.362727272728
182083,1701.4890909090907
179862,16703.756363636363
174908,2601.894545454545
172804,3154.397272727273
140580,1331.2327272727273
130730,7427.419999999999
101191,1943.3590909090913
98912,1038.5936363636363
90974,1705.8254545454545
72035,1322.3772727272728
66739,1028.1518181818183
66626,1015.6472727272727
65533,948.6309090909092
61891,608.5381818181819
54258,525.0036363636364
36986,683.7081818181819
16195,527.3481818181817
13220,3941.0163636363636
10257,197.55909090909088
7538,329.19545454545454
4190,88.72363636363637
4005,84.85363636363635
3863,82.13818181818182
3808,80.40181818181819
2321,104.57272727272728
138,14955.415454545457
-200002232,-1818170.721818182
-200003568,-1818169.4736363636
-200003977,-1818170.559090909
-200004185,-1818168.7836363637
-200005654,-1818170.6963636365
-200007149,-1818170.261818182
-200029026,-1818169.1063636364
-200034426,-1818170.778181818
-200064898,-1818170.4354545455
-200084997,-1818170.551818182
-200085022,-3636313.6500000004
-200116151,-1818169.0463636364
-200145360,-1818170.6218181818
-200183710,-5454502.086363636
-200188709,-1818170.6036363638
-200225058,-1818170.7054545453
-200267888,-1818170.3990909092
-200332161,-1818170.5127272727
-200513556,-1818170.688181818
-200539000,-1818170.5763636364
-200742845,-1818170.2663636364
-201055686,-1818170.4790909092
-201331736,-3636332.163636364
-201400857,-1818170.4345454543
-201471398,-1818170.5781818181
-201890498,-1818170.4690909092
-201962854,-1818170.35
-202048906,-3636340.9718181817
3573,228.11090909090902
13390,924.2652636363636
695982,42551.769909090915
-201921783,-3636355.287272726
184462,3445.7714363636355
1769729,32762.874509090903
305399,19221.64864545455
77674,713.9363636363635
265980,4833.356818181818
-200549779,-3636356.0054545444
48861,890.1914909090909
1720323,47216.027272727275
52564,1054.916990909091
285105,7784.842099999997
72021,948.0500000000002
140410,1376.0463636363634
-200072293,-5454524.920000001
83660,7379.183963636362
72018,652.6463636363634
2879,159.66290909090904
1354333,29616.643454545458
40685,404.93090909090904
1472649,14559.279090909093
13414,308.25272727272716
40411,366.1799999999999
231052,4208.415509090909
1833756,16961.805309090912
167639,3374.189999999999
1765682,32098.019900000003
2270,82.83454545454545
680682,18761.34925454546
3434,63.92094545454545
2284,2211.648181818182
49894,19083.566363636375
2129,80.32472727272727
227388,4134.168181818181
1720308,32056.252181818174
1945592,95888.02461818181
393029,15912.991563636357
1119,34390.99330909092
4264,246.21830000000003
54260,513.4043727272727
13705,931.9718363636365
84162,15708.562727272727
1926556,44905.80731818182
57937,562.5438636363637
1003337,9172.298636363636
5379,6345.532163636362
1825023,33180.45818181819
882379,26034.92454545455
444459,8981.080736363634
3794,70.3965090909091
5723,6787.904772727272
311207,9837.54488181818
6972,9605.467599999998
1922299,17765.9157
482136,46160.55225454546
1356488,24672.74799999999
1266,301.95454545454544
591374,30946.08629090909
1924105,67229.29437272725
1472762,14153.216627272728
288793,6563.923563636363
1929045,37414.92553636363
156454,3425.3094818181808
1983445,18029.506554545456
55170,13427.056790909084
1918385,22358.53469090909
1389453,25262.461963636364
146813,36186.63585454546
196078,6030.104272727273
40840,17285.788818181816
1980514,36051.664154545455
5948,1152.6047181818183
2014233,36633.28438181819
118747,4501.487527272728
1505231,27367.425927272732
1511695,27521.8315
86017,1522.5063636363634
1763555,35460.36898181819
1505652,30771.097299999998
1980038,58677.745390909105
37359,1357.3331
1341013,12481.2944
1573535,15475.645227272727
31983,29132.4374
3246,174.98084545454546
1150774,12159.58887272727
105135,2437.759027272727
1935200,37526.87843636363
995014,21486.85422727273
27257,993.8183545454547
169998,2870.990181818182
258514,21803.707499999993
314126,9848.259954545454
1505660,30770.77885454546
69959,3032.4465909090895
1973274,39273.01800000002
157932,2521.9469545454544
96520,914.8341454545457
27971,509.85749999999996
276836,5027.00249090909
483422,8143.567463636362
203804,1857.374409090909
377695,4078.7716454545457
3482,131.0525363636364
1236218,12936.241490909093
410829,22407.19645454546
1935927,35779.10925454545
192987,6904.629500000001
40413,2304.384081818182
5220,17231.028409090908
497721,6461.691900000001
182899,11096.044399999999
1234605,23760.322763636355
28138,3629.6500181818187
1799703,32723.112736363637
1762932,49429.629690909074
364031,9083.57009090909
83764,14391.756372727274
580024,40432.821372727274
230494,13253.427272727271
89092,5015.430909090909
6281,230.28996363636358
1505657,46156.369045454536
568988,5176.876354545454
224419,6120.064645454545
1078860,34996.7953090909
1774131,63761.116618181826
-200003688,-1818132.2618181817
1910993,17508.64
1623295,14892.914545454545
34654,417.1054545454545
89802,1481.87
178032,2361.45
2058189,37454.91818181819
1198976,11026.132727272729
282687,4397.908181818182
190234,2008.57
39757,694.569090909091
936,695.1918181818182
171968,1616.47
153889,1453.6736363636364
146865,1352.66
78173,798.8854545454546
57920,581.1836363636363
46769,2317.7018181818185
44435,2206.068181818182
13893,374.1754909090908
13248,391.72090909090906
4650,105.04818181818183
-200005250,-3636330.2754545454
-200029007,-1818161.5009090912
-200388449,-1818161.7645454544
-200862241,-1818160.3154545457
-201892251,-1818161.1945454546
-201937961,-1818161.3745454547
-202024974,-1818161.15
6264,745.8445636363639
28644,343.1032818181818
1983734,36288.678181818184
1982594,18132.39090909091
1636618,14986.426363636365
1132027,25816.02909090909
1065495,9696.300909090909
315393,7880.677272727272
228055,2429.311818181818
223785,2042.8581818181817
195323,3564.1890909090907
174825,1666.8872727272728
83907,992.0736363636364
71151,27877.175454545457
67937,843.6363636363636
54247,525.2445454545453
49669,921.9818181818182
48738,582.5918181818182
48241,484.77727272727265
39217,725.1418181818183
38692,403.97636363636366
38683,403.54272727272723
34114,318.69
27529,512.7227272727272
20483,464.14363636363635
10405,202.3063636363636
4501,93.16909090909091
4402,91.1490909090909
4295,89.61
4221,88.14818181818181
4101,85.6609090909091
4078,85.48454545454547
3319,71.88454545454546
-200000772,-1818169.351818182
-200004050,-1818170.5963636362
-200004764,-1818170.3918181818
-200005279,-1818170.65
-200005332,-1818170.6027272728
-200036751,-1818170.6800000002
-200058669,-1818170.561818182
-200085033,-1818170.522727273
-200089377,-1818170.3472727272
-200104174,-1818170.5727272728
-200115784,-3636313.292727273
-200135266,-1818170.2290909092
-200189773,-1818170.5863636364
-200453228,-1818170.6163636362
-200930979,-1818170.271818182
-200995019,-3636322.6227272726
-201191479,-1818170.5436363637
-201934946,-1818170.7063636363
2065790,18786.551818181815
47747,876.612727272727
24735,262.73090909090917
3164,355.95545454545453
189290,4593.283636363636
190818,1758.231454545455
168657,2125.2145454545457
74968,1502.910909090909
1655637,15050.441100000005
574347,5481.8592818181805
68802,1350.861818181818
140625,5955.31618181818
2065411,18776.984545454547
51538,536.9275636363635
13749,166.77125454545458
1649485,15446.641663636368
189384,1720.0518181818184
31311,283.7257454545454
-200011632,-1818174.209090909
173784,3661.3631818181825
15492,365.37007272727266
1085622,20329.35087272727
2005059,18325.496918181816
574892,5676.881290909091
55067,547.1090909090908
63399,890.2481272727271
3667,67.67420000000001
-200044746,-1818179.591818182
395590,8890.32481818182
104781,1906.0103909090908
1602345,14573.415454545457
1763546,16028.880000000003
49674,909.1265909090911
379070,7795.563381818182
39716,1444.3937090909096
1080193,10269.927645454549
63071,1147.2254545454546
1911312,18934.673127272727
13442,348.7396727272728
188544,3429.3300000000004
1633384,14845.829236363634
1470349,29074.69093636363
1003260,18710.285472727275
559173,5826.984545454546
4028,74.6154181818182
1343556,13913.035681818184
693222,46978.19732727274
5314,196.66272727272727
74556,720.4239
6525,117.85480909090911
81525,2967.893118181818
2761,331.6688727272728
191291,3779.009545454546
5761,212.53123636363642
766748,13940.708690909096
33170,345.54489090909095
76872,733.3199999999999
1937664,19312.679963636365
411558,3739.9153818181812
29171,566.9397181818182
1729679,16895.547672727273
1623298,14855.756736363639
45785,825.8607363636364
69894,925.6995818181821
568987,10355.05659090909
64704,1177.6656818181818
5410,1560.3265636363635
11646,422.20663636363645
1892809,21525.72007272728
5706,102.49914545454548
109967,26595.249127272727
12967,114.43818181818183
669516,12174.097263636364
325455,8669.62271818182
237584,8238.85541818182
2057233,19875.208181818187
-200452563,-1818079.451818182
-200034481,-1818150.5118181817
3358,87.61818181818182
131345,1213.8872727272728
1982227,18137.757272727275
420452,3884.859090909091
318740,5569.135454545455
164925,1555.4945454545457
104766,3255.4845454545452
81045,16842.64363636364
76016,1024.780909090909
40345,641.2563636363636
39249,416.0972727272727
4592,102.80818181818184
-200033184,-1818161.2900000003
-200068792,-1818161.4990909095
4587,102.09404545454545
1857843,17002.813636363633
99238,1430.0896
1982372,18129.94181818182
1980921,18116.397272727274
1971359,18196.921818181818
1921016,17571.846363636363
1910991,17481.447272727273
1649279,15295.50181818182
1636617,14986.345454545457
1623276,14865.376363636366
419444,3873.0490909090913
316905,2928.6218181818185
288800,2701.9581818181814
236772,2229.295454545455
221765,2059.7227272727273
168915,3085.0399999999995
154422,1447.7054545454546
150114,1754.019090909091
126645,1315.0536363636363
122377,1184.3645454545456
98962,1446.7381818181818
82133,823.0136363636364
76950,924.7454545454547
74855,740.6436363636363
51466,888.2327272727273
50932,937.5990909090909
41980,1473.7445454545455
38513,646.8681818181818
37933,386.1854545454545
37873,397.6181818181818
35937,374.4063636363636
35711,376.54636363636365
34482,639.3409090909091
32107,595.18
25666,478.99454545454546
24663,272.7581818181818
23168,255.87545454545452
7097,141.59545454545454
6977,138.0690909090909
4838,4593.292727272727
4504,92.9609090909091
4008,84.27272727272727
3782,81.04636363636364
3239,70.1
-200003433,-1818169.3963636362
-200034371,-1818170.4854545456
-200040562,-1818170.772727273
-200057506,-1818170.7790909093
-200077658,-1818170.2490909093
-200079807,-1818170.4209090911
-200281106,-1818170.6927272729
-200338190,-1818170.5127272727
-200510685,-1818170.4445454546
-201127830,-1818170.4090909092
-201217822,-1818170.6627272728
-201769247,-1818170.3054545454
-201804623,-1818170.5790909093
-201812770,-1818170.5718181818
-201890422,-1818170.5981818184
-202058185,-1818170.6536363638
-202058186,-1818170.4527272729
13578,260.17636363636365
88648,1619.194545454545
1980697,27055.937945454552
5309,786.6418181818179
3550,16443.730909090908
276832,2929.83
3395,64.22545454545454
5790,10198.469163636362
4583,85.34090909090911
36054,16682.59909090909
1803399,16393.45772727273
644136,6497.523636363636
41078,748.9818181818183
2058187,37424.73181818182
1985328,18145.716363636366
1418015,12890.650763636366
292631,6979.981818181817
1125736,27438.10727272727
623282,7516.502727272727
27308,651.2101454545452
172620,2280.519090909091
55799,1015.8236363636363
89958,1108.4369090909092
1993653,21200.143636363635
154674,1450.46
76886,719.5915999999999
57459,836.4409090909094
289935,12780.343636363637
1442082,13118.273963636368
83768,1522.7409090909096
1542963,31874.682736363633
273135,16134.90181818182
216387,2418.50909090909
13747,163.15446363636363
1654741,15046.775709090909
101126,963.2744727272728
6083,110.24454545454545
83770,1522.9618181818184
203525,2164.529090909091
2005386,33174.611527272726
1079112,10816.94747272727
51323,465.01665454545457
5758,352.8410909090909
78119,8981.793745454544
44055,398.51408181818186
191097,3475.2923818181825
65402,5533.312972727272
667113,6083.4181818181805
3110,350.2370545454546
327281,2972.7536363636364
430999,15132.083963636365
412764,10723.74189090909
13205,490.07438181818173
7101,129.1
5106,44.7490909090909
95331,1180.0311000000004
1213188,11072.890145454543
7571,372.66079090909096
118966,1088.3256727272728
46635,1015.2727272727276
27320,496.20601818181814
3368,62.01909090909091
333750,4413.36869090909
326606,21451.721381818184
1522429,15538.081718181818
522481,4797.43869090909
359169,3283.1214181818173
62701,883.0913272727274
1937007,18779.64675454545
1802956,16438.083636363637
6127,110.89359999999999
5792,10196.910836363635
2784,309.6489181818182
189450,16097.831999999999
29002,1111.3101636363638
1540147,28002.216509090907
1987748,27115.414627272723
138596,1258.4746181818186
393764,3576.334581818182
5238,96.40276363636367
1472763,13385.483636363639
291363,6967.135454545453
36065,847.3972727272728
168808,11806.245445454546
38944,8193.2209
-200005215,-1818178.0909090908
